1.000000000000000000e+00,1.000000000000000000e+00,1.000000000000000000e+00,1.000000000000000000e+00,1.000000000000000000e+00,1.000000000000000000e+00,1.000000000000000000e+00,1.000000000000000000e+00,1.000000000000000000e+00,1.000000000000000000e+00,1.000000000000000000e+00,1.000000000000000000e+00,1.000000000000000000e+00,1.000000000000000000e+00,1.000000000000000000e+00,1.000000000000000000e+00,1.000000000000000000e+00,1.000000000000000000e+00,1.000000000000000000e+00,1.000000000000000000e+00,1.000000000000000000e+00,1.000000000000000000e+00,1.000000000000000000e+00,1.000000000000000000e+00,1.000000000000000000e+00,1.000000000000000000e+00,1.000000000000000000e+00,1.000000000000000000e+00,1.000000000000000000e+00,1.000000000000000000e+00,1.000000000000000000e+00,1.000000000000000000e+00,1.000000000000000000e+00,1.000000000000000000e+00,1.000000000000000000e+00,1.000000000000000000e+00,1.000000000000000000e+00
1.000000000000000000e+00,2.575493696048311021e-01,9.195512177911498997e-01,4.131198874257654419e-01,5.381175154790591719e-01,7.556294708230363311e-01,1.372103815893347400e-01,7.516616900164192483e-01,1.786221578001226939e-01,3.182782305426812286e-01,9.390379070975991560e-01,3.718639320187629993e-01,6.909727116593868956e-01,1.866539412946217613e-01,3.793485943195029630e-02,7.334570814109424575e-01,5.461226638414108381e-01,6.930693230936110227e-01,2.767894307631499906e-01,2.852158906375812375e-02,3.179217096112133545e-01,1.307021432545422135e-01,9.715743589628135224e-01,2.030003952083239138e-01,7.881620987379961418e-01,3.069217405093898066e-01,7.793460423974043483e-01,8.051186636313987233e-01,4.947811957306952335e-01,8.471929755331002454e-01,6.925606849119402275e-01,5.107106624074229106e-01,5.111975098132650608e-01,2.985276967390224634e-01,5.868928311856708158e-01,7.229307768687749380e-01,1.000000000000000000e+00
1.000000000000000000e+00,5.972248469015364325e-01,5.383979632203311771e-01,3.728710612614650755e-01,3.207762111862336729e-01,3.186009210541881354e-01,9.046116568016524528e-01,2.521543644257683292e-01,5.046538417751030847e-01,6.203801062504407104e-01,1.054755783057584884e-01,8.364638768580728856e-01,4.187355877365422918e-01,5.672303900932686993e-01,7.603531935092628924e-01,7.420423539627900578e-01,2.864634036548752150e-02,3.339987327301903175e-01,1.778791390334022449e-02,6.709484252114765734e-01,8.933936805614928200e-02,6.954621712151103363e-01,5.283823675465693093e-02,7.436035274822208052e-01,2.305675888233630344e-01,7.586917319108786861e-01,7.807548833506974262e-01,9.989786071093490483e-01,6.738662762997339462e-01,2.666179464559772505e-01,8.515956173203046431e-01,7.416820380639088661e-01,5.035740640035230031e-01,1.742450461988792609e-01,1.641964739626605718e-01,2.340032250104503442e-01,1.000000000000000000e+00
1.000000000000000000e+00,9.433563250627825525e-01,1.108167571953323494e-01,8.970091101654075194e-01,3.760673723418189729e-01,8.992024748156526304e-01,8.740738042099935878e-01,7.024780710799978234e-01,1.074991870548627215e-01,7.880339443424451140e-01,6.354235023129066740e-01,1.278129542619752534e-01,6.021369591683677358e-01,4.273844478054017459e-01,5.892865452184171682e-01,3.126368779810005938e-01,8.312098205060358680e-01,5.904892094205305142e-03,3.629433966611611551e-01,1.170864596574302530e-01,5.111795718430155455e-01,2.713552528290114063e-01,3.933032240250973199e-01,2.327108784521271234e-01,1.820115291887942632e-01,6.406604150610609727e-01,2.653643934048309783e-01,5.687685952841714521e-02,8.378275968768609250e-01,4.606856590092301973e-01,9.877968584887057979e-01,9.944156922054303571e-01,6.420832509939328192e-01,7.147136649977122724e-01,7.303078860779753656e-01,5.608933305763289523e-01,1.000000000000000000e+00
1.000000000000000000e+00,1.780731116788395463e-01,9.944675978057389010e-01,2.728659799993685686e-01,8.494072401663419480e-01,8.117560413700897204e-02,5.587005460162716153e-01,3.637695537746689078e-01,8.639203780671420585e-01,9.513642292976738357e-01,7.826610112127574403e-02,3.358071409307323840e-01,6.596798661573841649e-01,9.800931241321814147e-01,7.559753898371620595e-01,9.707146633925487489e-01,7.994207839595054432e-01,7.935298517345956704e-02,8.329139366906238573e-01,7.732803215014869558e-01,9.057809280496342819e-01,3.773802947588270618e-01,4.267937424191219353e-01,9.288482508867429432e-01,3.759953660931618646e-01,4.439726018014138464e-01,2.501404623350467205e-02,5.837987693540663825e-01,4.333965968468460606e-01,6.969242350863501523e-01,5.282408510805333135e-01,5.345365550696783430e-01,3.759309393238465802e-01,7.436935083864887330e-01,2.647908652715263988e-01,6.640237255511169945e-01,1.000000000000000000e+00
1.000000000000000000e+00,8.188068329931011968e-01,3.139466494655673845e-01,7.897201273075697969e-01,4.379243767301655987e-01,2.018122345535864337e-01,3.144659401523016706e-01,3.217678913747488156e-01,3.073979152777491786e-01,7.956554441177340342e-01,2.784539851254365095e-01,5.410594224568279209e-01,2.301752197738257122e-01,6.254343844710950062e-01,2.297526150557029911e-01,3.782845221870447805e-01,2.892310239738893340e-02,5.584487390656135419e-01,6.781328833607080941e-02,7.093207164983698076e-01,9.482026634831774992e-02,8.734652840164347509e-02,4.579256510043105965e-02,8.884710698425847264e-01,5.373876507755898091e-01,6.927866182045964161e-01,8.851283640084028903e-02,5.817519154740968812e-02,3.664995779333168890e-01,1.108916417682712652e-01,7.011424537904580312e-01,2.255537551540702790e-01,7.985297043870176470e-01,1.592102995689024247e-01,4.831481536685093836e-01,7.432421947626682845e-01,1.000000000000000000e+00
1.000000000000000000e+00,4.509930383050994029e-01,7.216728042612812200e-01,8.990070933495963867e-01,6.478704109740748285e-01,6.262882914904471798e-01,1.619559977862430333e-01,9.236546220626640213e-03,4.617185814607067673e-01,3.500289827694892386e-01,4.052268449426748020e-01,5.872577894317487779e-02,5.538869678414116704e-01,3.020020704349377638e-01,7.748056929588196251e-01,5.562878375457555036e-01,4.615877005173516512e-01,2.382157624199979784e-01,2.226505456582499320e-01,1.900043019605579531e-02,3.700883075603460526e-01,2.876133011202491874e-01,5.121281847915716279e-01,7.131926365590290917e-01,2.068910306698196200e-01,4.754387146126703989e-01,2.785734085565721996e-01,4.992112384252906931e-01,1.438706426091884705e-02,3.861248384325807192e-01,7.539782186501575723e-01,7.633281168957833929e-01,6.593462783263728255e-01,6.523974021719203265e-01,5.648070771429896109e-01,7.418682114853489828e-01,1.000000000000000000e+00
1.000000000000000000e+00,6.008956428060406862e-01,2.937217564467885511e-01,2.897604028800763176e-01,5.897075959046174098e-01,2.821266164857241243e-01,6.171705811901480043e-01,9.439918701108385157e-03,1.445885497536290032e-01,8.633536409868948214e-01,7.838137058612230090e-01,2.528047952918138774e-01,3.231247907488654647e-01,5.989471788423367249e-01,4.763445509429149460e-01,7.073256089610313602e-02,6.000192255778336037e-02,1.032070246180052386e-01,2.216212883386253774e-01,4.403134752695706533e-01,1.465787288246038766e-01,2.485399181665559620e-02,4.502844551417747310e-01,8.451127737917896177e-03,6.197225725897147486e-01,2.409839125742068155e-01,3.520342387298356357e-01,6.534283241674371245e-01,2.268264227092381402e-01,7.861002245651815823e-02,6.500217023258354487e-01,4.032698206109760486e-01,8.541710639887953871e-01,4.343773968951458730e-01,5.189036791122868530e-01,1.762560996732448482e-01,1.000000000000000000e+00
1.000000000000000000e+00,8.765550183029520159e-01,5.192320755055356285e-01,8.371005489157123947e-01,8.703394067199626827e-01,1.074804579093247003e-02,5.092358815374606884e-01,1.228110521519482079e-01,1.366076705483423304e-01,3.085588112321271392e-01,1.234964402168799991e-01,3.999295374510450918e-01,2.123718367570787136e-01,6.515293628243582491e-01,7.566692239740188120e-01,5.691892076467207628e-01,2.277671090822176447e-01,1.679952700680886757e-01,7.944589072411553099e-01,9.848302232480816709e-01,8.329786475851775895e-01,8.307695508423801334e-01,6.189536680815155290e-01,2.597867138641940521e-02,7.374386599278127674e-01,6.492780049064191816e-01,9.081058520530319589e-01,8.635550725699596697e-01,2.808265814431798457e-02,6.121490014108984523e-01,5.362511054436863711e-01,2.815923559189755787e-01,8.784091543788211665e-01,1.773853902127742188e-01,3.385872010876481708e-01,9.527986629165057231e-01,1.000000000000000000e+00
1.000000000000000000e+00,7.418372306779820180e-01,4.085046435650766528e-01,8.105983693524229095e-01,6.829521045876042473e-01,6.688432910497936756e-01,6.398153705966336258e-02,3.590613904495827402e-01,6.665482910062792143e-02,8.878086412838925856e-02,8.792582689913763794e-01,5.342083238220483032e-01,1.890701510913833649e-01,9.373934855871062233e-01,9.747598617822098577e-01,4.356845374305845509e-01,2.529676372086784308e-01,6.722761291842497267e-01,2.086892267099285103e-01,6.439695967175331770e-01,5.209201756768123692e-01,5.268925913966412411e-01,6.552535579629110707e-01,9.318084051295366654e-01,4.999374212023296460e-01,8.470715676138564909e-01,6.634498999744917747e-01,2.053517621281674144e-01,2.484800792969055205e-02,1.936608475216106129e-02,4.136701546144102570e-01,7.703220888378182751e-01,8.024933532647388068e-01,7.714994918511677291e-01,6.924136015212325468e-01,8.571450628294645657e-01,1.000000000000000000e+00
1.000000000000000000e+00,7.095931381398125071e-01,7.794682699413331139e-01,9.305777855173753554e-01,2.633405325365631988e-01,8.766335253304108344e-01,4.807511409768887578e-01,1.999197227654637699e-01,8.169557977614982924e-02,7.451387036987781043e-01,9.672821995017822916e-01,3.096739301552484669e-01,8.920589629141919552e-01,6.393945032578746135e-01,3.754718875947071766e-02,9.214825490825911958e-01,2.906526042036665647e-01,4.830686544261905135e-01,9.499312836378397407e-01,7.876246906379571477e-01,2.641802651420483983e-01,1.078097442618797253e-02,2.662365010697420598e-01,4.849625066134110041e-01,6.472485623966506285e-01,7.145891906389832959e-01,2.223282524561387419e-02,5.350621125254096944e-01,6.774448617910695525e-01,7.533391851596887845e-01,2.193096099452011005e-01,7.099062441677248536e-01,3.770952496268908938e-01,1.202522582403653395e-02,9.643553802201676461e-02,2.258305523919437174e-01,1.000000000000000000e+00
1.000000000000000000e+00,8.152845926474650007e-02,8.823042953454610648e-01,8.738757969591207653e-01,8.730032728056287272e-01,2.215285346129904909e-01,1.536509961872848384e-01,9.726154477013138067e-02,4.408474095769011614e-01,1.713057449616218753e-01,3.067547779705859234e-02,8.546036346851317855e-01,7.642294298926489704e-01,6.084150200536238007e-01,8.040852801968714214e-01,9.005917814083475026e-01,8.972308963874299215e-01,7.734946823077327727e-01,4.285979160988302450e-01,7.907990951774500621e-01,5.911415725061947013e-01,5.105192194687991902e-01,1.691856049525245487e-01,1.437226189308016266e-01,8.811093329751064074e-01,7.267377552880900371e-01,9.889285430307904745e-01,9.755923414500732305e-01,8.352593408069451941e-01,9.237584161068466138e-01,4.525033349306052388e-01,1.765366079340868755e-01,1.795660077713399083e-01,9.843383057505821210e-01,7.752085762702729532e-01,1.569191054895369142e-01,1.000000000000000000e+00
1.000000000000000000e+00,8.435430664169983883e-01,6.727548964127993969e-02,5.886906510301559425e-02,4.299051942533574922e-01,5.184124675050491016e-01,5.541495202593001990e-01,8.279505155488007251e-01,3.868002952592614063e-01,2.754911871728601414e-01,9.207888718174902509e-01,6.366689219883211459e-01,8.007310512649807865e-01,3.184087117598540795e-01,3.463945463690293325e-01,7.843554347383115966e-01,9.179110198559864431e-01,4.152482694365349225e-01,3.540545287344476488e-02,2.343548765172871473e-01,7.919251955498790574e-01,5.046310592875515866e-01,8.145285766232361890e-01,6.346236557765351227e-01,1.520447165377745158e-01,4.708981523103378253e-01,7.329826007012119060e-01,2.824211620316596782e-01,5.780476441683187749e-01,3.505040528887992668e-01,1.999080787508522583e-02,9.427890758406013427e-01,4.346342854206791673e-01,7.688839806010163702e-01,1.377637910727149695e-01,4.661900832737773115e-01,1.000000000000000000e+00
1.000000000000000000e+00,4.319830488036368044e-01,3.630976290585080646e-01,6.216679163169344102e-01,6.645234379278903702e-01,8.299842664976940787e-01,2.637426399000227795e-01,3.237388816634811928e-02,9.298819227749698380e-01,6.722990130232621153e-01,7.426227569752231750e-01,6.831525364939712297e-01,5.286409055980570981e-01,4.653667061909406710e-01,2.610996501148755700e-01,9.318143582650115775e-01,2.801532117599062621e-01,6.835087489556699314e-01,9.556581054648654039e-01,8.147051236082843984e-01,4.347898791952277131e-01,5.246460368467604773e-01,6.384831339863287214e-01,2.302993814185457788e-01,9.346159721555225008e-01,9.671980182293239414e-01,7.031081393010052416e-02,6.156826219318626281e-01,2.327169032963241069e-01,6.679867578117203442e-01,2.369220797652507038e-01,4.008097942419022175e-01,2.547450711333205664e-01,7.319225972029914651e-01,9.239843916920053024e-01,2.123163964113459201e-01,1.000000000000000000e+00
1.000000000000000000e+00,9.067197874726173890e-01,1.116922999452872878e-01,3.991259777188771452e-01,7.677934070658696264e-01,7.265496330710522477e-01,3.098104131060874789e-02,5.671296528906396572e-01,4.866517850321094851e-02,4.190517264429782784e-02,4.589036397631652830e-01,7.591555127020158666e-01,3.781728855361189412e-01,8.130225591290516363e-01,5.481367407298991523e-01,8.920939765066510097e-01,6.196702130319808877e-01,4.478446624885051852e-01,8.379545751600976367e-01,5.999589000920287907e-01,3.678272010726206798e-01,3.943148887218418386e-01,3.915059756245904410e-01,6.084768955939010571e-01,3.448580359949585672e-01,5.327606275915144352e-01,8.934889216784456245e-01,9.961864063521407298e-01,4.477607915090913160e-01,9.868720514155771006e-02,3.466760850029810825e-01,2.070141736841876190e-01,7.658383418979017865e-01,7.716049022462225793e-01,9.014166621569794646e-01,5.963506209374136446e-02,1.000000000000000000e+00
1.000000000000000000e+00,5.689922923180380510e-01,2.461340588369713700e-01,5.116418019966278985e-01,9.087016293854263127e-01,8.627713242083824285e-01,2.012161259691475079e-01,5.443849102181733679e-01,3.921745508178481332e-01,8.644169510842031334e-01,7.084587856205364353e-01,4.932015605028348126e-01,8.751590425363947601e-01,9.572136526348009600e-01,1.786710699505231759e-01,2.220953924988723349e-01,3.973019192773176167e-01,7.031664368173929924e-01,3.729354399350801597e-01,4.932983124943153275e-01,5.394363204933081413e-01,8.012521555455642819e-02,6.469453035894465742e-01,3.353097552614221488e-01,7.594227494653229549e-01,9.526863672075438494e-01,7.950949762724375258e-01,1.140092768759816133e-01,3.824664959067992642e-01,5.710448999196011677e-01,7.725724344997590975e-01,1.676824110874635121e-01,1.310385580449049403e-01,1.765334035893963982e-01,6.781251800886013426e-01,2.416217127826117972e-01,1.000000000000000000e+00
1.000000000000000000e+00,8.342549828748370144e-01,4.113167085188951244e-01,3.510852941477804467e-01,5.216067815383040873e-02,8.702572794758794972e-01,5.783580489010029524e-01,5.811494344696818137e-01,1.525434272494979870e-01,9.834644669281864537e-01,5.645249639279591447e-01,5.826246413549354131e-01,4.371578931328286011e-01,7.763882782820527018e-01,7.094756081129257597e-01,9.878252177316698690e-01,1.741226683266849928e-01,7.945229699794454925e-01,4.266796995031497675e-01,9.435662864431711983e-01,6.088321402828431594e-01,9.915022068250012310e-01,4.808136428724766320e-01,5.596715801703673332e-01,8.169462705982878381e-01,6.841764534403764753e-01,5.395226334504390486e-01,9.783459422271334471e-02,2.243346870739112431e-01,1.160987644034764399e-01,7.517917461257781486e-01,4.841079985294509669e-01,1.598131702851203206e-01,4.727138756368671757e-01,1.654686285664364043e-02,4.867914291500070600e-01,1.000000000000000000e+00
1.000000000000000000e+00,3.403159984962567108e-02,9.763032187327512768e-01,9.549405942005255721e-01,2.789285035409989622e-01,2.647348385273509130e-01,9.879286755930952735e-01,3.298356288370610789e-01,1.066935906933977884e-01,2.191779252909770159e-01,9.718782176296598685e-01,6.647788619027493739e-01,6.852832562658571769e-01,4.850105948824761093e-01,5.595924356620725071e-01,6.950764034689415061e-01,4.229832666749346881e-01,9.549835925554009952e-01,1.533943649452610414e-01,3.168975266653811795e-01,8.075009319214174752e-01,7.875116115292637442e-01,9.132369108514912792e-01,3.360750190102941293e-01,7.649597989139381715e-01,8.019538825238888835e-01,5.852784732860047967e-01,4.016885656721314035e-04,2.639948179145772400e-01,2.987569178835759454e-01,1.230073557016924113e-01,1.555057138934289318e-01,6.079046460308179523e-02,9.576325483997218946e-01,7.174305987844542543e-02,4.549964341150347646e-02,1.000000000000000000e+00
1.000000000000000000e+00,8.761199472393348398e-01,9.014860464704023135e-01,4.582891444092319633e-01,4.163821849733410074e-01,5.609499123362094997e-01,7.821663625562496058e-01,6.264833269235201563e-01,1.668337805191988377e-01,8.888716054339451667e-01,1.747878802473024074e-02,3.910662508725594178e-01,8.063538721275492760e-01,8.689177016435641887e-01,4.339494246101418540e-01,2.349443690140063934e-01,2.259843844372599886e-01,7.353908144505094668e-02,3.758681683222697689e-02,1.206861181241950520e-01,9.708528664432550803e-01,8.577117571244367022e-01,9.779418810230045001e-01,4.416295338132030235e-01,4.399154099800144380e-01,8.084241395846879508e-01,2.861177443797596753e-01,4.715311087644111776e-01,7.093201702674234443e-01,5.305919811887250814e-01,1.686185076700921215e-01,9.036433494487405849e-01,1.487615267163603372e-01,6.351921743530223319e-01,2.195163246884659358e-01,6.152596703057434668e-01,1.000000000000000000e+00
1.000000000000000000e+00,1.221197369279676259e-01,9.885747942027321988e-01,1.143904613369397527e-01,4.717170536423120897e-02,5.894783116931734401e-02,7.910590038463564122e-01,3.252778013494802556e-01,2.451552810472358290e-01,5.082689358323154716e-01,1.279180630893648196e-01,3.282400881291869243e-01,7.325850537482717639e-01,8.858557739412622478e-01,4.861998397329744259e-01,6.453737586988896879e-01,5.405345344740728475e-01,1.151969145516011928e-01,4.013880703809125094e-02,2.645421028913724770e-01,4.742613970859063111e-01,9.375182726030979463e-01,1.650529340215520779e-01,5.624699615042938472e-01,7.989549134360404148e-01,4.760182327258268842e-01,7.487214653853591084e-02,1.397640790133389821e-01,5.611070914098245099e-01,4.484694118087353409e-01,5.382553143539586804e-01,1.548753510853996262e-01,1.587586088395958051e-01,1.881502077420817987e-01,2.076421644679745659e-01,7.453724828635884814e-01,1.000000000000000000e+00
1.000000000000000000e+00,8.088017993583612730e-01,8.620014927216143041e-01,7.491849764416101953e-01,8.083633110080725714e-01,2.575122205556134025e-01,5.792982088437068633e-01,6.704436883511901701e-01,5.260719814961464236e-01,9.948980785556509332e-01,5.408246260963101015e-02,8.967259193591261557e-01,9.715245104855436686e-01,3.452360359786343924e-02,4.635275126123831191e-01,8.421283257756925211e-01,9.816921587793082660e-01,3.436558896740115054e-01,8.664048280830165538e-01,7.094454870631008436e-01,3.504184812637345381e-02,1.463664626407765734e-01,5.345637875431951125e-01,6.818226479556354080e-01,1.312116448834429461e-01,3.877137648957871274e-01,4.812916804008438021e-02,1.740754146416890746e-01,7.827097137743403987e-01,9.276046998526565890e-02,3.381610798732068712e-01,6.157253250944183520e-02,1.515380190892572365e-01,2.338311337927534428e-02,7.782671217480254811e-01,6.538404594875133480e-01,1.000000000000000000e+00
1.000000000000000000e+00,8.598161443775094170e-01,9.696058157097802166e-01,6.694144963250933111e-01,1.641632353297465263e-01,2.609844298188844780e-01,5.407335867920953776e-01,4.197680216427708277e-01,3.825300850957036314e-02,5.844896711452127747e-01,8.199650509907882023e-01,3.258470813451231907e-01,3.239225868042803214e-01,4.701040110354375301e-01,7.284621993019922970e-01,9.507814143587345335e-02,9.339683441683183096e-01,1.444355858024445327e-01,2.039122203104101194e-01,2.434041330527794145e-01,4.683831903914243977e-01,9.548355214408653646e-01,9.681344976841677052e-01,1.123213646714572578e-01,7.385043292178691265e-01,6.004140626786829138e-01,8.503411803583459383e-01,2.400418596376749925e-01,6.787593073062175852e-01,3.870197562105514022e-01,7.995341030945426475e-01,5.561501717199122119e-01,1.828251131260494322e-01,7.410167921729674534e-01,7.404921875457577407e-01,7.456677913843778871e-02,1.000000000000000000e+00
1.000000000000000000e+00,1.948283330959363902e-01,1.663859209654252602e-01,2.072416795096032605e-02,4.158095471593470371e-02,8.762151329387110055e-01,2.918845573750273870e-01,7.657507899113360494e-01,6.692098940486735925e-01,7.717751284577076820e-01,5.967162866618480610e-02,2.711014581053531325e-01,3.961188682909653203e-01,1.479051337887697937e-01,4.211375263364128818e-01,7.539540400607620541e-01,5.617896866209965978e-01,9.169464363279571373e-01,3.819275021736190379e-01,7.542795321504990325e-01,5.314776397541642883e-01,3.833651912672033646e-01,4.003987853723123269e-02,5.080338721307738892e-01,6.293564209104099971e-01,8.008970054108228709e-01,6.140299281924487262e-01,7.931423690101133683e-01,1.915424998494824615e-01,2.772339292309516923e-01,9.398868865331027056e-01,5.289685619232413760e-01,6.462114187523804176e-01,7.347744415073667046e-01,1.560652629791294821e-01,3.346821348018497178e-01,1.000000000000000000e+00
1.000000000000000000e+00,8.667101007855589900e-01,6.359836661929312296e-01,2.298866870375048110e-01,3.478826627873080612e-01,3.640804766500607137e-01,6.003580724115386014e-01,3.490788119422738589e-02,7.261217470005039143e-01,4.046944663450735558e-02,3.722165318255684641e-01,1.275975555645370019e-02,5.409328851757809753e-01,1.896187473471824259e-01,7.956638891587831663e-01,7.280702387925824803e-01,3.934958965421911925e-01,7.948507905971028409e-01,7.002928830168910768e-01,7.739287900236534457e-01,2.762986483647411617e-01,3.564281938848066211e-01,9.538670407940058604e-01,6.535478494247892733e-02,8.784201855385127544e-01,4.678057897854668301e-01,4.017122013847133077e-01,1.791571084422757254e-01,7.506138640667674444e-01,1.711619223286072744e-01,9.975530376148278311e-01,7.386122309951947962e-03,7.221881027945631359e-03,4.297324123957688702e-01,9.536454945743972900e-01,7.681705780768199876e-01,1.000000000000000000e+00
1.000000000000000000e+00,9.735733353950793978e-01,4.363086590441878077e-01,6.489908082442463755e-02,8.222084388621830886e-02,9.656526449945269652e-01,7.918849956665023893e-01,7.313332986957096216e-01,3.326881947853750354e-01,1.422872204624773262e-01,6.908144707745533797e-02,1.974792786105081799e-01,2.407495467975313552e-01,2.664720184621017784e-01,8.628939045727120893e-01,4.170275741464131158e-01,9.405668379710182547e-01,5.905999661373758647e-01,4.931223621870645113e-01,7.994756261316615653e-01,5.643733325773978571e-01,1.454515107093351522e-01,4.591700304589679815e-01,7.297637471932774123e-01,8.563808585875999357e-01,6.489744186090123934e-01,3.679233072009789884e-01,1.650977689866927056e-01,7.293042184191301791e-01,4.926201383297504899e-01,5.095324482584950854e-01,9.905105844561604700e-01,1.651033491871367609e-01,6.576499445152927947e-02,8.134595566553899371e-01,2.828429460906352055e-01,1.000000000000000000e+00
1.000000000000000000e+00,7.325906821773326971e-01,7.984221824245305577e-01,8.565143428501464928e-01,3.415687939433342812e-01,5.066429156699874259e-01,8.917556062041973597e-01,4.098950758625103941e-01,1.808041763577581396e-01,9.789088426544498844e-01,7.113749657658686720e-01,8.165955210009927523e-01,9.708835912486557529e-02,3.273624877861709415e-01,3.866211053335066872e-02,5.690927637063352140e-01,9.826666541907942420e-01,2.553197579799166839e-01,5.731240491920227553e-01,3.802229478736934842e-01,2.214626079516601731e-02,4.708196392515904272e-01,9.177887914581973616e-01,7.670297388295189700e-01,3.115944808684741885e-01,4.312727952573207624e-01,6.578443190629582604e-01,8.992581882623984502e-02,9.404744059411590529e-01,3.996048080240571787e-01,6.087221754492410097e-01,7.972535231776151088e-01,4.553494965377989923e-01,7.673114121357995643e-01,7.043006850857489454e-01,1.140676051749192066e-01,1.000000000000000000e+00
1.000000000000000000e+00,6.300534765475083177e-01,7.115130437552980025e-01,3.208696102541449546e-01,2.615889861215943135e-01,5.505316447602796037e-01,5.729802424745579215e-01,5.220189843406763952e-02,8.209416457851962390e-01,2.577209780525104854e-01,6.303774022989465653e-01,4.563255629945922598e-01,4.093046596400007342e-02,9.326775531468128877e-01,9.945014433329995018e-01,3.911710584404841651e-01,3.226641617195179501e-01,4.084176572808375649e-01,9.800508301195743899e-01,3.893258837962545460e-01,6.958469943433069904e-01,3.275709810154683321e-01,8.526038153304213996e-01,2.698606860843545396e-01,3.303071779199513447e-01,3.794473900013105583e-01,3.432931411054107596e-02,5.855536677785759814e-01,7.647208290701345001e-01,7.522622557206307681e-01,2.204064399037469757e-01,3.068443104431708424e-01,8.574857361272014700e-01,5.371000663919560658e-01,3.528736729165552477e-01,7.033807955491723218e-01,1.000000000000000000e+00
1.000000000000000000e+00,7.003101690237467647e-02,1.823726659958955221e-01,1.282676784337741793e-01,7.765810069510911129e-01,1.961938448817313052e-03,3.278882496222795817e-01,2.092854714748983991e-01,1.195524437122315042e-01,4.886638880865357137e-01,8.854160243356290483e-02,4.700545724533586878e-01,4.503682351339999279e-02,3.624662096548646462e-01,3.364745544626753793e-01,3.857710267017461225e-01,5.309410362948530082e-01,4.824628111710378420e-01,6.245471713362273913e-01,2.792567604419410321e-01,5.914102940755899818e-01,5.594625947727969173e-01,3.805687693412759254e-01,1.699625319370647869e-01,9.135726596326083637e-01,9.886392036795277338e-02,7.603198937473044650e-01,8.678045818842470283e-01,3.618954416613192615e-01,7.937286490988336718e-01,2.790840182517876356e-01,8.188342487691783189e-01,7.520796230105945002e-01,2.199780928266407143e-01,4.151874532727021228e-01,5.543872099312893154e-01,1.000000000000000000e+00
1.000000000000000000e+00,2.297509446586174509e-01,1.211063721493358392e-01,8.283504666200268707e-01,3.886963394051334841e-02,3.956268169027125081e-01,5.536401555597038060e-01,5.240544089117465942e-01,7.120587564285203452e-01,9.260390272729605021e-01,6.157229060796990394e-01,2.411804604713158051e-01,2.034260393124086574e-01,8.739727303909342604e-01,9.422511709173774230e-01,7.660691208693219956e-01,9.308239717472150954e-01,5.661958253236738514e-01,9.067067017455022748e-01,8.599372718183306841e-02,8.432075009479267358e-01,4.865318094552897321e-01,8.553302985574484651e-01,6.419242125506348096e-01,7.089867803900640197e-01,5.879951245780001834e-01,7.532276994652178370e-01,5.889551125941497878e-01,6.102118191777832212e-01,3.991335801140776240e-01,1.062671784092642513e-01,7.345192657702491745e-01,6.493591305736301500e-01,7.333010809622775295e-02,5.391831008195974162e-01,5.720005093111115713e-01,1.000000000000000000e+00
1.000000000000000000e+00,9.023518969343866658e-01,7.004137998967895351e-01,9.668791376864438458e-01,1.729466978312588221e-01,4.972277286825628195e-01,5.882540777405189658e-01,8.733651766252105153e-01,3.862352719216034513e-01,4.558295507125003088e-01,2.325587099093056054e-01,5.421545984483848724e-01,3.584551735072838419e-01,9.531614861238709713e-01,6.776881379366644920e-01,2.073389425865020952e-01,5.647760448379202103e-02,6.959202560901611712e-02,9.127763806260480450e-01,5.813751662877169046e-01,6.781571970937541050e-01,5.997601642456991122e-01,8.252481627699946864e-01,1.433020048582356321e-02,7.031695257843806335e-01,5.988863767135857996e-01,2.191389980790137137e-02,6.632200566828324595e-01,1.933837475064268396e-01,5.888587298781514656e-01,9.628417681971297437e-01,4.512484925202904229e-01,2.891718648653935908e-01,9.690603639805480674e-01,7.008979869738123369e-01,2.915846312374267280e-01,1.000000000000000000e+00
1.000000000000000000e+00,4.234925293192105533e-01,2.287364052634455192e-02,6.710608405194269377e-01,1.138812402618503139e-01,8.568330265322601225e-01,6.338251093001816550e-01,7.658764429680975372e-02,8.458342681029562549e-01,1.709889658902292719e-01,9.826362324598298947e-01,5.203317604878103797e-01,9.780885580471654350e-02,1.224963171397115413e-01,2.861618240885777098e-01,3.475587664543839939e-01,5.952960054869141926e-01,9.149362638127231939e-01,1.413367629917325896e-01,8.135497643605932305e-01,2.644951504202837089e-01,3.140568670196653978e-01,5.215268816302838228e-01,7.242192302956877992e-01,3.920107220232948997e-03,5.098588265558648969e-01,2.998347420335314428e-01,5.185178569447688179e-01,2.241657013033180323e-01,2.333820842238643056e-02,5.425367529209756956e-02,8.327412294555601724e-01,7.529803579550919945e-01,9.644323459138872678e-01,9.220071123481279329e-01,7.050208658830917630e-01,1.000000000000000000e+00
1.000000000000000000e+00,6.154719705351038295e-01,3.473305619491939833e-02,4.336915053855429081e-01,4.376738117788098181e-01,4.685475891559898187e-01,9.605019165071948528e-01,5.523402707921475363e-01,9.177517120130695982e-02,1.538703700294434817e-01,4.145983494179088513e-01,6.528189397277954775e-01,5.155647391701143611e-01,2.084858582925011028e-01,2.483081780891399637e-01,9.355103755521845255e-01,8.137833007744400549e-01,7.957557988815335825e-01,3.789206503647910562e-01,2.878621741323250660e-02,6.584763738556415058e-01,8.329854253050128499e-01,5.965169009589140758e-01,3.585624872484158843e-01,3.621268650031006509e-02,6.836577800975467412e-01,7.771860150249662036e-01,8.145996246545437192e-01,3.484444721408627155e-01,7.747311204059776912e-01,9.577515380709614723e-01,6.062137748310330032e-01,1.819721570262107235e-01,1.724723454671652778e-01,6.911407245442929836e-01,2.344204095822360889e-01,1.000000000000000000e+00
1.000000000000000000e+00,7.545455446190927340e-01,7.082548176464340539e-01,6.906620045481488557e-01,1.209810755462622511e-01,9.793293914225137398e-01,6.488560332556041477e-01,4.308914944323201102e-01,6.690482730137441436e-01,4.265202569961010770e-01,5.273554813574710121e-01,7.034676532367206692e-01,1.529682997304018244e-01,7.708658746569962972e-02,4.553657592338268278e-01,7.681529902301542645e-01,9.596779146416796191e-01,6.284475721839050122e-01,5.877627585953532074e-01,8.574743788983189008e-01,1.920405588913112194e-01,6.872384447788526529e-02,5.984021964294237161e-01,7.314549187472708658e-01,8.247254695619204989e-01,9.481629498299406489e-01,2.287867547083743958e-01,7.027848445552998813e-01,8.159579416763660387e-01,7.747317434863487673e-01,9.456167044772723074e-01,7.199609033470452113e-01,4.868798200788770902e-02,3.580785515366502469e-01,4.722524923076875103e-01,3.396836644463635535e-01,1.000000000000000000e+00
1.000000000000000000e+00,5.249124593357593627e-01,1.675938231698915759e-01,9.004218853583184634e-01,5.457572560142850415e-01,7.089207642357837624e-01,9.839639020418158299e-01,3.019183162202099258e-02,2.076743755681538239e-01,2.713190320890204177e-01,4.171570899384851039e-01,7.679671432777768203e-01,8.829291765878600762e-01,3.364006917778549210e-01,5.723451011209987893e-01,8.304370088128203431e-01,2.782840301937629102e-01,9.806000753831157768e-01,7.175358214756497599e-01,8.517151472660996481e-01,9.522378502107738951e-01,8.118541042487686932e-01,4.153138120017831891e-01,6.116274563341594916e-02,6.675221970376284952e-01,5.319490860902310603e-01,6.970488028482219045e-01,1.395040842420182114e-01,3.610408340492178292e-01,1.501618982111252443e-02,3.441364674722741102e-01,3.133430014191130875e-01,2.842604896453631014e-01,6.116832780212539955e-01,5.436422297072170950e-01,4.362211027701938804e-01,1.000000000000000000e+00
1.000000000000000000e+00,5.835513267679378613e-01,1.059717046816582853e-01,8.170909506013501744e-01,7.263736715204296424e-01,8.633011888044227478e-01,2.285465505781435480e-01,2.803481379329839651e-01,5.713173046311237346e-01,7.193539346817253710e-01,1.923365909941833207e-01,7.503203985813304833e-01,2.044201612935550028e-01,5.129392920820555757e-01,5.263204929714615510e-02,2.772163670306347916e-01,5.080643921444453204e-01,5.746170505560593833e-01,3.525056573893635692e-01,3.247007509523629487e-01,6.862598910026610488e-01,1.492657872461709001e-01,3.682032470042080341e-01,1.949201153867410330e-01,8.159230425206187576e-02,3.433015960639066444e-01,2.104183902332067424e-01,5.522914390676898488e-01,8.938108467593955941e-01,2.085406644179415014e-01,8.791322723804217976e-01,5.364055532514178104e-02,6.080635157466693919e-01,1.685797450432422462e-01,7.622054936675844994e-01,5.105772560792581904e-01,1.000000000000000000e+00
1.000000000000000000e+00,3.618317205486631938e-02,6.894178125570560312e-02,9.785905107672164815e-01,2.642931828387663495e-01,6.827167825842709314e-01,6.182841322752019586e-02,4.443776313239937714e-01,9.693359444300079231e-01,8.649818208977611000e-02,8.445536005891536302e-01,2.058546756274522993e-01,9.434329192917521034e-01,2.052886681230852162e-01,1.814548282219148323e-01,9.485276083585969520e-01,8.271927539688321840e-01,3.208733111689948680e-01,9.733579891815885565e-01,6.736877856815473020e-01,1.851447490618598479e-01,4.289027405657356296e-01,9.839908922495865795e-03,5.229046058618987969e-01,3.465729038017706376e-02,3.698623569407570866e-01,1.926050743946042809e-01,9.540988560840798494e-01,1.104183335024289114e-01,8.461702683440983641e-01,1.008482371676230338e-01,1.333612239810024747e-01,6.831095496582253457e-01,5.583416455549627955e-01,6.789136377076304685e-01,1.186972261159487951e-01,1.000000000000000000e+00
1.000000000000000000e+00,1.000000000000000000e+00,1.000000000000000000e+00,1.000000000000000000e+00,1.000000000000000000e+00,1.000000000000000000e+00,1.000000000000000000e+00,1.000000000000000000e+00,1.000000000000000000e+00,1.000000000000000000e+00,1.000000000000000000e+00,1.000000000000000000e+00,1.000000000000000000e+00,1.000000000000000000e+00,1.000000000000000000e+00,1.000000000000000000e+00,1.000000000000000000e+00,1.000000000000000000e+00,1.000000000000000000e+00,1.000000000000000000e+00,1.000000000000000000e+00,1.000000000000000000e+00,1.000000000000000000e+00,1.000000000000000000e+00,1.000000000000000000e+00,1.000000000000000000e+00,1.000000000000000000e+00,1.000000000000000000e+00,1.000000000000000000e+00,1.000000000000000000e+00,1.000000000000000000e+00,1.000000000000000000e+00,1.000000000000000000e+00,1.000000000000000000e+00,1.000000000000000000e+00,1.000000000000000000e+00,1.000000000000000000e+00
